Molecule=DCC79Br,StateName=000_0(0)0(0)_0e,L=0,UseAsLower=1,Energy=0,EnergyError=0,B=0.121921655,BError=1.39901E-7,D=2.01536E-8,DError=1.01183E-11,H=0,HError=0,HFixed=1,Band=?,Note=Final.
Molecule=DCC79Br,StateName=000_0(0)1(1)_1e,L=1,UseAsLower=1,Energy=278.77529,EnergyError=8E-5,B=0.122183598,BError=1.81567E-7,D=2.05502E-8,DError=1.51607E-11,H=0,HError=0,HFixed=1,Band=?,Note=Final.
Molecule=DCC79Br,StateName=000_0(0)1(1)_1f,L=1,UseAsLower=1,Energy=278.77529,EnergyError=8E-5,B=0.122305725,BError=1.86355E-7,D=2.07181E-8,DError=1.77409E-11,H=0,HError=0,HFixed=1,Band=?,Note=Final.
Molecule=DCC79Br,StateName=000_0(0)2(0)_0e,L=0,UseAsLower=1,Energy=541.59659,EnergyError=0.0001,B=0.122349108,BError=5.0012E-7,D=2.46918E-8,DError=4.71843E-11,H=0,HError=0,HFixed=1,Band=?,Note=Final
Molecule=DCC79Br,StateName=000_0(0)2(2)_2e,L=2,UseAsLower=1,Energy=558.13188,EnergyError=0.0001,B=0.122565391,BError=6.78693E-7,D=2.05189E-8,DError=8.65225E-11,H=0,HError=0,HFixed=1,Band=?,Note=Final
Molecule=DCC79Br,StateName=000_0(0)2(2)_2f,L=2,UseAsLower=1,Energy=558.13188,EnergyError=0.0001,B=0.122567443,BError=4.89296E-7,D=2.13463E-8,DError=6.05974E-11,H=0,HError=0,HFixed=1,Band=?,Note=Final
Molecule=DCC79Br,StateName=000_112,L=2,UseAsLower=0,Energy=0,EnergyError=0,B=4.4E-6,BError=0,D=0,DError=0,H=0,HError=0,HFixed=1,Band=?
Molecule=DCC79Br,StateName=000_0(0)3(1)_1e,L=1,UseAsLower=0,Energy=810.715863,EnergyError=0.00011,B=0.12250732,BError=9E-7,D=2.1795E-8,DError=1.5E-10,H=0,HError=0,HFixed=1,Band=?,Note=Final
Molecule=DCC79Br,StateName=000_0(0)3(1)_1f,L=1,UseAsLower=0,Energy=810.715863,EnergyError=0.00011,B=0.12273269,BError=9E-7,D=2.5009E-8,DError=1.5E-10,H=0,HError=0,HFixed=1,Band=?,Note=Final
Molecule=DCC79Br,StateName=000_0(0)3(3)_3e,L=3,UseAsLower=0,Energy=838.066582,EnergyError=0.00012,B=0.122886205,BError=9E-7,D=2.1702E-8,DError=1.5E-10,H=0,HError=0,HFixed=1,Band=?,Note=Final
Molecule=DCC79Br,StateName=000_0(0)3(3)_3f,L=3,UseAsLower=0,Energy=838.066582,EnergyError=0.00012,B=0.12288683,BError=9E-7,D=2.1523E-8,DError=1.5E-10,H=0,HError=0,HFixed=1,Band=?,Note=Final
Molecule=DCC79Br,StateName=000_0(0)4(0)_0e,L=0,UseAsLower=0,Energy=1069.462223,EnergyError=0.00015,B=0.12279101,BError=2.1E-6,D=2.9182E-8,DError=4.2E-10,H=0,HError=0,HFixed=1,Band=?,Note=Final
Molecule=DCC79Br,StateName=000_1(1)0(0)_1e,L=1,UseAsLower=1,Energy=480.6593573,EnergyError=1.44651E-5,B=0.122020332,BError=1.40088E-7,D=2.02573E-8,DError=1.01432E-11,H=0,HError=0,HFixed=1,Band=?,Note=Final
Molecule=DCC79Br,StateName=000_1(1)0(0)_1f,L=1,UseAsLower=1,Energy=480.6592399,EnergyError=0.000128555,B=0.122093018,BError=1.76089E-7,D=2.03521E-8,DError=1.58809E-11,H=0,HError=0,HFixed=1,Band=?,Note=Final.
Molecule=DCC79Br,StateName=000_1(1)1(1)_0e,L=0,UseAsLower=1,Energy=760.7660052,EnergyError=3.02059E-5,B=0.122371568,BError=8.56611E-8,D=1.99911E-8,DError=1.91462E-10,H=0,HError=0,HFixed=1,Band=?,Note=Resonance
Molecule=DCC79Br,StateName=000_1(1)1(1)_0f,L=0,UseAsLower=1,Energy=758.4762433,EnergyError=0.00010533,B=0.122381878,BError=1.92336E-7,D=2.10997E-8,DError=1.89696E-11,H=0,HError=0,HFixed=1,Band=?,Note=Final
Molecule=DCC79Br,StateName=000_1(1)1(1)_2e,L=2,UseAsLower=1,Energy=760.967474,EnergyError=6.10642E-5,B=0.12237778,BError=9.49521E-8,D=2.15414E-8,DError=1.91185E-10,H=0,HError=0,HFixed=1,Band=?,Note=Resonance
Molecule=DCC79Br,StateName=000_1(1)1(1)_2f,L=2,UseAsLower=1,Energy=760.9671548,EnergyError=9.53817E-5,B=0.122377822,BError=1.9182E-7,D=2.04792E-8,DError=1.91933E-11,H=0,HError=0,HFixed=1,Band=?,Note=Final
Molecule=DCC79Br,StateName=000_1(1)2(0)_1e,L=1,UseAsLower=0,Energy=1023.265602,EnergyError=0.000141053,B=0.122446863,BError=5.04614E-7,D=2.53237E-8,DError=4.81789E-11,H=0,HError=0,HFixed=1,Band=?,Note=Final
Molecule=DCC79Br,StateName=000_1(1)2(0)_1f,L=1,UseAsLower=0,Energy=0,EnergyError=0,B=0,BError=0,D=0,DError=0,H=0,HError=0,HFixed=1,Band=?
Molecule=DCC79Br,StateName=000_1(1)2(2)_1e,L=1,UseAsLower=0,Energy=1039.293458,EnergyError=8E-5,B=0.122676771,BError=1.83038E-7,D=2.14096E-8,DError=1.57773E-11,H=0,HError=0,HFixed=1,Band=?,Note=Final
Molecule=DCC79Br,StateName=000_1(1)2(2)_1f,L=1,UseAsLower=0,Energy=1039.29326,EnergyError=8E-5,B=0.122704195,BError=1.87587E-7,D=2.25579E-8,DError=1.81564E-11,H=0,HError=0,HFixed=1,Band=?,Note=Final
Molecule=DCC79Br,StateName=000_1(1)2(2)_3e,L=3,UseAsLower=0,Energy=1041.867234,EnergyError=0.000134296,B=0.122697635,BError=6.90788E-7,D=2.02098E-8,DError=9.2829E-11,H=0,HError=0,HFixed=1,Band=?,Note=Final
Molecule=DCC79Br,StateName=000_1(1)3(3)_2e,L=2,UseAsLower=0,Energy=1319.385125,EnergyError=0.000113488,B=0.123007792,BError=6.82959E-7,D=2.21062E-8,DError=8.84405E-11,H=0,HError=0,HFixed=1,Band=?,Note=Final
Molecule=DCC79Br,StateName=000_1(1)3(3)_2f,L=2,UseAsLower=0,Energy=1319.38517,EnergyError=0.000107663,B=0.12300919,BError=4.92133E-7,D=2.232E-8,DError=6.18084E-11,H=0,HError=0,HFixed=1,Band=?,Note=Final
Molecule=DCC79Br,StateName=000_1(1)4(4)_3f,L=3,UseAsLower=0,Energy=1600.056347,EnergyError=0.000133327,B=0.123328294,BError=9.04909E-7,D=2.29288E-8,DError=1.52923E-10,H=0,HError=0,HFixed=1,Band=?,Note=Final
Molecule=DCC79Br,StateName=000_2(0)0(0)_0e,L=0,UseAsLower=0,Energy=955.0050223,EnergyError=1.73245E-5,B=0.122190113,BError=1.40175E-7,D=2.09698E-8,DError=1.01538E-11,H=0,HError=0,HFixed=1,Band=?,Note=Final
Molecule=DCC79Br,StateName=000_2(0)1(1)_1e,L=1,UseAsLower=0,Energy=1235.329266,EnergyError=8.18449E-5,B=0.122470713,BError=1.81859E-7,D=2.14779E-8,DError=1.52056E-11,H=0,HError=0,HFixed=1,Band=?,Note=Final
Molecule=DCC79Br,StateName=000_2(0)1(1)_1f,L=1,UseAsLower=0,Energy=1235.329285,EnergyError=8E-5,B=0.122551031,BError=1.86355E-7,D=2.14042E-8,DError=1.77409E-11,H=0,HError=0,HFixed=1,Band=?,Note=Final
Molecule=DCC79Br,StateName=000_2(0)2(0)_0e,L=0,UseAsLower=0,Energy=1498.660535,EnergyError=0.000109442,B=0.122584125,BError=5.01108E-7,D=2.56025E-8,DError=4.73653E-11,H=0,HError=0,HFixed=1,Band=?,Note=Final
Molecule=DCC79Br,StateName=000_2(0)2(2)_2e,L=2,UseAsLower=0,Energy=1517.33759,EnergyError=0.000111388,B=0.122801841,BError=6.79919E-7,D=2.15591E-8,DError=8.67701E-11,H=0,HError=0,HFixed=1,Band=?,Note=Final
Molecule=DCC79Br,StateName=000_2(0)2(2)_2f,L=2,UseAsLower=0,Energy=1517.337096,EnergyError=0.0001,B=0.122804596,BError=4.89955E-7,D=2.18552E-8,DError=6.07063E-11,H=0,HError=0,HFixed=1,Band=?,Note=Final
Molecule=DCC79Br,StateName=000_2(0)3(3)_3f,L=3,UseAsLower=0,Energy=1798.971163,EnergyError=0.00014956,B=0.123131125,BError=9.15419E-7,D=2.37271E-8,DError=1.64188E-10,H=0,HError=0,HFixed=1,Band=?
Molecule=DCC79Br,StateName=000_2(2)0(0)_2e,L=2,UseAsLower=0,Energy=964.803689,EnergyError=7.17425E-5,B=0.122185309,BError=1.49115E-7,D=1.98605E-8,DError=1.26373E-11,H=0,HError=0,HFixed=1,Band=?,Note=Final
Molecule=DCC79Br,StateName=000_2(2)0(0)_2f,L=2,UseAsLower=0,Energy=964.8035064,EnergyError=0.000145157,B=0.122185665,BError=1.83687E-7,D=2.04368E-8,DError=1.81614E-11,H=0,HError=0,HFixed=1,Band=?,Note=Final
Molecule=DCC79Br,StateName=000_2(2)1(1)_1e,L=1,UseAsLower=0,Energy=1244.128087,EnergyError=4.5596E-5,B=0.122478902,BError=1.49891E-7,D=2.28757E-8,DError=1.58218E-11,H=0,HError=0,HFixed=1,Band=?,Note=Final
Molecule=DCC79Br,StateName=000_2(2)1(1)_1f,L=1,UseAsLower=0,Energy=1244.127586,EnergyError=0.000128555,B=0.122522239,BError=1.80022E-7,D=2.37768E-8,DError=1.77025E-11,H=0,HError=0,HFixed=1,Band=?,Note=Final
Molecule=DCC79Br,StateName=000_2(2)1(1)_3e,L=3,UseAsLower=0,Energy=1246.68333,EnergyError=0,B=0,BError=0,D=0,DError=0,H=0,HError=0,HFixed=1,Band=?
Molecule=DCC79Br,StateName=000_2(2)1(1)_3f,L=3,UseAsLower=0,Energy=1246.683333,EnergyError=0.000176424,B=0.122504747,BError=2.47949E-7,D=1.75691E-8,DError=3.80318E-11,H=0,HError=0,HFixed=1,Band=?,Note=Final
Molecule=DCC79Br,StateName=000_2(2)2(2)_0e,L=0,UseAsLower=0,Energy=0,EnergyError=0,B=0,BError=0,D=0,DError=0,H=0,HError=0,HFixed=1,Band=?
Molecule=DCC79Br,StateName=000_2(2)2(2)_0f,L=0,UseAsLower=0,Energy=1523.405618,EnergyError=0.000122981,B=0.122819439,BError=2.12634E-7,D=2.08585E-8,DError=3.09144E-11,H=0,HError=0,HFixed=1,Band=?,Note=Final
Molecule=DCC79Br,StateName=000_3(1)0(0)_1e,L=1,UseAsLower=0,Energy=1433.21601,EnergyError=2.49134E-5,B=0.122244879,BError=1.40357E-7,D=2.06896E-8,DError=1.02043E-11,H=0,HError=0,HFixed=1,Band=?,Note=Final
Molecule=DCC79Br,StateName=000_3(1)0(0)_1f,L=1,UseAsLower=0,Energy=1433.215947,EnergyError=0.000128555,B=0.122391513,BError=1.76412E-7,D=2.087E-8,DError=1.59344E-11,H=0,HError=0,HFixed=1,Band=?,Note=Final
Molecule=DCC79Br,StateName=000_3(1)1(1)_0e,L=0,UseAsLower=0,Energy=1711.797074,EnergyError=0,B=0,BError=0,D=0,DError=0,H=0,HError=0,HFixed=1,Band=?,Note=Resonanssitila
Molecule=DCC79Br,StateName=000_3(1)1(1)_0f,L=0,UseAsLower=0,Energy=1711.797074,EnergyError=8.89002E-5,B=0.122643964,BError=1.95931E-7,D=2.13921E-8,DError=1.99821E-11,H=0,HError=0,HFixed=1,Band=?,Note=Final
Molecule=DCC79Br,StateName=000_3(1)1(1)_2e,L=2,UseAsLower=0,Energy=1715.312906,EnergyError=0,B=0,BError=0,D=0,DError=0,H=0,HError=0,HFixed=1,Band=?,Note=Resonanssitila
Molecule=DCC79Br,StateName=000_3(1)1(1)_2f,L=2,UseAsLower=0,Energy=1715.312906,EnergyError=8.90833E-5,B=0.122636059,BError=1.94665E-7,D=2.10478E-8,DError=1.98956E-11,H=0,HError=0,HFixed=1,Band=?,Note=Final
Molecule=DCC79Br,StateName=000_4(0)0(0)_0e,L=0,UseAsLower=0,Energy=1905.809949,EnergyError=4.36139E-5,B=0.12244461,BError=1.44186E-7,D=2.2428E-8,DError=1.14981E-11,H=0,HError=0,HFixed=1,Band=?,Note=Final
Molecule=DCC79Br,StateName=000_4(2)0(0)_2e,L=2,UseAsLower=0,Energy=1915.418212,EnergyError=5.2968E-5,B=0.122439679,BError=1.57724E-7,D=1.91155E-8,DError=1.6258E-11,H=0,HError=0,HFixed=1,Band=?,Note=Final
Molecule=DCC79Br,StateName=000_4(2)0(0)_2f,L=2,UseAsLower=0,Energy=1915.41826,EnergyError=0.000136314,B=0.122439924,BError=1.93103E-7,D=2.08695E-8,DError=2.2958E-11,H=0,HError=0,HFixed=1,Band=?,Note=Final
Molecule=DCC79Br,StateName=001_0(0)0(0)_0e,L=0,UseAsLower=1,Energy=603.3132214,EnergyError=1.96831E-5,B=0.121744139,BError=1.41625E-7,D=1.74678E-8,DError=1.15899E-11,H=2.95432E-14,HError=3.89166E-16,HFixed=1,Band=?,Note=Final
Molecule=DCC79Br,StateName=001_0(0)1(1)_1e,L=1,UseAsLower=0,Energy=891.6160801,EnergyError=9.02149E-5,B=0.122025,BError=1.89847E-7,D=1.85279E-8,DError=2.40395E-11,H=8.55376E-15,HError=1.7125E-15,HFixed=1,Band=?,Note=Final
Molecule=DCC79Br,StateName=001_0(0)1(1)_1f,L=1,UseAsLower=0,Energy=891.6160542,EnergyError=9.34649E-5,B=0.122183712,BError=1.94148E-7,D=1.81202E-8,DError=2.32344E-11,H=1.41232E-14,HError=1.14002E-15,HFixed=1,Band=?,Note=Final
Molecule=DCC79Br,StateName=001_2(0)0(0)_0e,L=0,UseAsLower=0,Energy=1557.388339,EnergyError=4.02084E-5,B=0.122052993,BError=1.61325E-7,D=1.81141E-8,DError=3.68568E-11,H=7.68026E-14,HError=4.25209E-15,HFixed=1,Band=?,Note=Final
Molecule=DCC81Br,StateName=000_0(0)0(0)_0e,L=0,UseAsLower=1,Energy=0,EnergyError=0,B=0.121250162,BError=1.67071E-7,D=1.99338E-8,DError=1.42403E-11,H=0,HError=0,HFixed=1,Band=?,Note=Final
Molecule=DCC81Br,StateName=000_0(0)1(1)_1e,L=1,UseAsLower=1,Energy=278.69277,EnergyError=9E-5,B=0.121510955,BError=2.22699E-7,D=2.03543E-8,DError=1.83391E-11,H=0,HError=0,HFixed=1,Band=?,Note=Final.
Molecule=DCC81Br,StateName=000_0(0)1(1)_1f,L=1,UseAsLower=1,Energy=278.69277,EnergyError=9E-5,B=0.121632851709605,BError=5.73539544968342E-7,D=2.06110133080963E-8,DError=6.29741050280569E-11,H=0,HError=0,HFixed=1,Band=?,Note=Final.
Molecule=DCC81Br,StateName=000_0(0)2(0)_0e,L=0,UseAsLower=1,Energy=541.02034,EnergyError=0.00011,B=0.121665223,BError=3.14209E-7,D=2.43785E-8,DError=4.05713E-11,H=0,HError=0,HFixed=1,Band=?,Note=Final
Molecule=DCC81Br,StateName=000_0(0)2(2)_2e,L=2,UseAsLower=1,Energy=557.96714,EnergyError=0.00011,B=0.121890067,BError=5.33982E-7,D=2.02207E-8,DError=7.54342E-11,H=0,HError=0,HFixed=1,Band=?,Note=Final
Molecule=DCC81Br,StateName=000_0(0)2(2)_2f,L=2,UseAsLower=1,Energy=557.96714,EnergyError=0.00011,B=0.121890857,BError=4.38566E-7,D=2.08683E-8,DError=5.71573E-11,H=0,HError=0,HFixed=1,Band=?,Note=Final
Molecule=DCC81Br,StateName=000_0(0)3(1)_1e,L=1,UseAsLower=0,Energy=809.96186,EnergyError=0.00014,B=0.121839161,BError=8.9E-7,D=2.3378E-8,DError=1.2E-10,H=0,HError=0,HFixed=1,Band=?,Note=Final
Molecule=DCC81Br,StateName=000_0(0)3(1)_1f,L=1,UseAsLower=0,Energy=809.96186,EnergyError=0.00014,B=0.122046142,BError=6.6E-7,D=2.4625E-8,DError=9.8E-11,H=0,HError=0,HFixed=1,Band=?,Note=Final
Molecule=DCC81Br,StateName=000_0(0)3(3)_3e,L=3,UseAsLower=0,Energy=837.820385,EnergyError=0.00013,B=0.122207286,BError=8E-7,D=2.0848E-8,DError=8E-11,H=0,HError=0,HFixed=1,Band=?,Note=Final
Molecule=DCC81Br,StateName=000_0(0)3(3)_3f,L=3,UseAsLower=0,Energy=837.820385,EnergyError=0.00013,B=0.12220929,BError=8E-7,D=2.1244E-8,DError=8E-11,H=0,HError=0,HFixed=1,Band=?,Note=Final
Molecule=DCC81Br,StateName=000_0(0)4(0)_0e,L=0,UseAsLower=0,Energy=1068.314544,EnergyError=0.00016,B=0.12209953,BError=2E-6,D=2.7742E-8,DError=5.2E-10,H=0,HError=0,HFixed=1,Band=?,Note=Final
Molecule=DCC81Br,StateName=000_1(1)0(0)_1e,L=1,UseAsLower=1,Energy=480.6592849,EnergyError=1.66339E-5,B=0.121348309,BError=1.67375E-7,D=2.00326E-8,DError=1.42883E-11,H=0,HError=0,HFixed=1,Band=?,Note=Final
Molecule=DCC81Br,StateName=000_1(1)0(0)_1f,L=1,UseAsLower=1,Energy=480.6595096,EnergyError=2E-5,B=0.121419538,BError=2.48467E-7,D=2.00497E-8,DError=2.07169E-11,H=0,HError=0,HFixed=1,Band=?,Note=Final.
Molecule=DCC81Br,StateName=000_1(1)1(1)_0e,L=0,UseAsLower=1,Energy=760.6794491,EnergyError=3.2388E-5,B=0.121697359,BError=9.40143E-8,D=1.95407E-8,DError=1.53573E-10,H=0,HError=0,HFixed=1,Band=?,Note=Final.
Molecule=DCC81Br,StateName=000_1(1)1(1)_0f,L=0,UseAsLower=1,Energy=758.3939346,EnergyError=0.000103935,B=0.121707698,BError=2.19555E-7,D=2.08673E-8,DError=1.93485E-11,H=0,HError=0,HFixed=1,Band=?,Note=Final
Molecule=DCC81Br,StateName=000_1(1)1(1)_2e,L=2,UseAsLower=1,Energy=760.8857282,EnergyError=7.81522E-5,B=0.121703581,BError=1.09911E-7,D=2.15382E-8,DError=1.54496E-10,H=0,HError=0,HFixed=1,Band=?,Note=Final.
Molecule=DCC81Br,StateName=000_1(1)1(1)_2f,L=2,UseAsLower=1,Energy=760.8853749069,EnergyError=0.000105534309879026,B=0.121704564155976,BError=5.73539544968342E-7,D=2.03559573970301E-8,DError=6.29741050280569E-11,H=0,HError=0,HFixed=1,Band=?,Note=Final
Molecule=DCC81Br,StateName=000_1(1)2(0)_1e,L=1,UseAsLower=0,Energy=1022.668391,EnergyError=0.000157816,B=0.12176143,BError=3.48999E-7,D=2.50642E-8,DError=5.74121E-11,H=0,HError=0,HFixed=1,Band=?,Note=Final
Molecule=DCC81Br,StateName=000_1(1)2(0)_1f,L=1,UseAsLower=0,Energy=1022.668391,EnergyError=0.0003232,B=0,BError=4.90856E-7,D=0,DError=6.71224E-11,H=0,HError=0,HFixed=1,Band=?
Molecule=DCC81Br,StateName=000_1(1)2(2)_1e,L=1,UseAsLower=0,Energy=1039.118187,EnergyError=9E-5,B=0.122001752,BError=2.23757E-7,D=2.12205E-8,DError=1.87624E-11,H=0,HError=0,HFixed=1,Band=?,Note=Final
Molecule=DCC81Br,StateName=000_1(1)2(2)_1f,L=1,UseAsLower=0,Energy=1039.117994,EnergyError=9E-5,B=0.122027662,BError=2.16773E-7,D=2.22994E-8,DError=1.85336E-11,H=0,HError=0,HFixed=1,Band=?,Note=Final
Molecule=DCC81Br,StateName=000_1(1)2(2)_3e,L=3,UseAsLower=0,Energy=1041.703842,EnergyError=0.000200003,B=0.122020523,BError=6.43888E-7,D=1.92061E-8,DError=1.64594E-10,H=0,HError=0,HFixed=1,Band=?,Note=Final
Molecule=DCC81Br,StateName=000_1(1)2(2)_3f,L=3,UseAsLower=0,Energy=1041.703842,EnergyError=0.000321641,B=0,BError=4.9061E-7,D=0,DError=6.71224E-11,H=0,HError=0,HFixed=1,Band=?
Molecule=DCC81Br,StateName=000_1(1)3(3)_2e,L=2,UseAsLower=0,Energy=1319.127154,EnergyError=0.00011,B=0.122329706,BError=5.3644E-7,D=2.16975E-8,DError=7.64126E-11,H=0,HError=0,HFixed=1,Band=?,Note=Final
Molecule=DCC81Br,StateName=000_1(1)3(3)_2f,L=2,UseAsLower=0,Energy=1319.127071,EnergyError=0.000118656,B=0.122330385,BError=4.43521E-7,D=2.19248E-8,DError=5.94026E-11,H=0,HError=0,HFixed=1,Band=?,Note=Final
Molecule=DCC81Br,StateName=000_1(1)4(4)_3e,L=3,UseAsLower=0,Energy=1599.715083,EnergyError=0,B=0,BError=0,D=0,DError=0,H=0,HError=0,HFixed=1,Band=?
Molecule=DCC81Br,StateName=000_1(1)4(4)_3f,L=3,UseAsLower=0,Energy=1599.715468,EnergyError=0.000145059,B=0.122645219,BError=8.03542E-7,D=2.23066E-8,DError=8.1798E-11,H=0,HError=0,HFixed=1,Band=?,Note=Final
Molecule=DCC81Br,StateName=000_2(0)0(0)_0e,L=0,UseAsLower=0,Energy=955.0017429,EnergyError=1.79932E-5,B=0.121516825,BError=1.67241E-7,D=2.07349E-8,DError=1.42529E-11,H=0,HError=0,HFixed=1,Band=?,Note=Final
Molecule=DCC81Br,StateName=000_2(0)1(1)_1e,L=1,UseAsLower=0,Energy=1235.242922,EnergyError=9E-5,B=0.121796048,BError=2.2306E-7,D=2.12669E-8,DError=1.8394E-11,H=0,HError=0,HFixed=1,Band=?,Note=Final
Molecule=DCC81Br,StateName=000_2(0)1(1)_1f,L=1,UseAsLower=0,Energy=1235.243003,EnergyError=9E-5,B=0.121875766,BError=2.16144E-7,D=2.11875E-8,DError=1.82942E-11,H=0,HError=0,HFixed=1,Band=?,Note=Final
Molecule=DCC81Br,StateName=000_2(0)2(0)_0e,L=0,UseAsLower=0,Energy=1498.033043,EnergyError=0.00011261,B=0.121897328,BError=3.15044E-7,D=2.52981E-8,DError=4.07714E-11,H=0,HError=0,HFixed=1,Band=?,Note=Final
Molecule=DCC81Br,StateName=000_2(0)2(2)_2e,L=2,UseAsLower=0,Energy=1517.134293,EnergyError=0.00011,B=0.122126129,BError=5.34861E-7,D=2.12501E-8,DError=7.56238E-11,H=0,HError=0,HFixed=1,Band=?,Note=Final
Molecule=DCC81Br,StateName=000_2(0)2(2)_2f,L=2,UseAsLower=0,Energy=1517.133916,EnergyError=0.000113545,B=0.122127514,BError=4.39231E-7,D=2.13979E-8,DError=5.73077E-11,H=0,HError=0,HFixed=1,Band=?,Note=Final
Molecule=DCC81Br,StateName=000_2(0)3(3)_3e,L=3,UseAsLower=0,Energy=1798.701236,EnergyError=0,B=0,BError=0,D=0,DError=0,H=0,HError=0,HFixed=1,Band=?
Molecule=DCC81Br,StateName=000_2(0)3(3)_3f,L=3,UseAsLower=0,Energy=1798.701621,EnergyError=0.00013809,B=0.1224506,BError=8.01203E-7,D=2.22376E-8,DError=8.03749E-11,H=0,HError=0,HFixed=1,Band=?,Note=Final
Molecule=DCC81Br,StateName=000_2(2)0(0)_2e,L=2,UseAsLower=0,Energy=964.8036547,EnergyError=7.41496E-5,B=0.121511982,BError=1.75435E-7,D=1.96394E-8,DError=1.61554E-11,H=0,HError=0,HFixed=1,Band=?,Note=Final
Molecule=DCC81Br,StateName=000_2(2)0(0)_2f,L=2,UseAsLower=0,Energy=964.8036085,EnergyError=8.72006E-5,B=0.121511902,BError=2.57621E-7,D=2.017E-8,DError=2.32904E-11,H=0,HError=0,HFixed=1,Band=?,Note=Final
Molecule=DCC81Br,StateName=000_2(2)1(1)_1e,L=1,UseAsLower=0,Energy=1244.040957,EnergyError=4.29569E-5,B=0.121804146,BError=1.73729E-7,D=2.25812E-8,DError=1.77189E-11,H=0,HError=0,HFixed=1,Band=?,Note=Final
Molecule=DCC81Br,StateName=000_2(2)1(1)_1f,L=1,UseAsLower=0,Energy=1244.0408,EnergyError=4.06615E-5,B=0.121846372,BError=2.5141E-7,D=2.34109E-8,DError=2.20764E-11,H=0,HError=0,HFixed=1,Band=?,Note=Final
Molecule=DCC81Br,StateName=000_2(2)1(1)_3e,L=3,UseAsLower=0,Energy=1246.602292,EnergyError=0,B=0,BError=0,D=0,DError=0,H=0,HError=0,HFixed=1,Band=?
Molecule=DCC81Br,StateName=000_2(2)1(1)_3f,L=3,UseAsLower=0,Energy=1246.602292,EnergyError=0.000220385,B=0.121829412,BError=2.84572E-7,D=1.7336E-8,DError=3.96648E-11,H=0,HError=0,HFixed=1,Band=?,Note=Final
Molecule=DCC81Br,StateName=000_2(2)2(2)_0e,L=0,UseAsLower=0,Energy=0,EnergyError=0,B=0,BError=0,D=0,DError=0,H=0,HError=0,HFixed=1,Band=?
Molecule=DCC81Br,StateName=000_2(2)2(2)_0f,L=0,UseAsLower=0,Energy=1523.233632,EnergyError=0.000122168,B=0.122142805,BError=2.38001E-7,D=2.0624E-8,DError=3.10032E-11,H=0,HError=0,HFixed=1,Band=?,Note=Final
Molecule=DCC81Br,StateName=000_3(1)0(0)_1e,L=1,UseAsLower=0,Energy=1433.209681,EnergyError=3.5468E-5,B=0.121571498,BError=1.67493E-7,D=2.04554E-8,DError=1.42997E-11,H=0,HError=0,HFixed=1,Band=?,Note=Final
Molecule=DCC81Br,StateName=000_3(1)0(0)_1f,L=1,UseAsLower=0,Energy=1433.209873,EnergyError=3.03876E-5,B=0.12171592,BError=2.48898E-7,D=2.05628E-8,DError=2.07854E-11,H=0,HError=0,HFixed=1,Band=?,Note=Final
Molecule=DCC81Br,StateName=000_3(1)1(1)_0e,L=0,UseAsLower=0,Energy=0,EnergyError=0,B=0,BError=0,D=0,DError=0,H=0,HError=0,HFixed=1,Band=?,Note=Resonanssia
Molecule=DCC81Br,StateName=000_3(1)1(1)_0f,L=0,UseAsLower=0,Energy=1711.709211,EnergyError=9.8065E-5,B=0.121967977,BError=2.22755E-7,D=2.11504E-8,DError=2.04849E-11,H=0,HError=0,HFixed=1,Band=?,Note=Final
Molecule=DCC81Br,StateName=000_3(1)1(1)_2e,L=2,UseAsLower=0,Energy=1715.223876,EnergyError=0,B=0,BError=0,D=0,DError=0,H=0,HError=0,HFixed=1,Band=?,Note=Resonanssia
Molecule=DCC81Br,StateName=000_3(1)1(1)_2f,L=2,UseAsLower=0,Energy=1715.223876,EnergyError=9.72338E-5,B=0.121960014,BError=2.24428E-7,D=2.07476E-8,DError=2.21482E-11,H=0,HError=0,HFixed=1,Band=?,Note=Final
Molecule=DCC81Br,StateName=000_4(0)0(0)_0e,L=0,UseAsLower=0,Energy=1905.792596,EnergyError=5.33163E-5,B=0.121770275,BError=1.82001E-7,D=2.27695E-8,DError=2.38924E-11,H=0,HError=0,HFixed=1,Band=?,Note=Final
Molecule=DCC81Br,StateName=000_4(2)0(0)_2e,L=2,UseAsLower=0,Energy=1915.408908,EnergyError=5.12733E-5,B=0.12176437,BError=1.89837E-7,D=1.88101E-8,DError=2.68618E-11,H=0,HError=0,HFixed=1,Band=?,Note=Final
Molecule=DCC81Br,StateName=000_4(2)0(0)_2f,L=2,UseAsLower=0,Energy=1915.408984,EnergyError=4.13219E-5,B=0.121764586,BError=2.63312E-7,D=2.06182E-8,DError=2.59505E-11,H=0,HError=0,HFixed=1,Band=?,Note=Final
Molecule=DCC81Br,StateName=001_0(0)0(0)_0e,L=0,UseAsLower=1,Energy=601.9546624,EnergyError=1.93702E-5,B=0.121083919,BError=1.68721E-7,D=1.71529E-8,DError=1.57048E-11,H=2.90427E-14,HError=4.94759E-16,HFixed=1,Band=?,Note=Final
Molecule=DCC81Br,StateName=001_0(0)1(1)_1e,L=1,UseAsLower=0,Energy=890.2759368,EnergyError=9.93981E-5,B=0.121361734,BError=2.29638E-7,D=1.83367E-8,DError=2.60661E-11,H=1.19181E-14,HError=1.67517E-15,HFixed=1,Band=?,Note=Final
Molecule=DCC81Br,StateName=001_0(0)1(1)_1f,L=1,UseAsLower=0,Energy=890.2758638,EnergyError=9.95607E-5,B=0.121520033,BError=2.21686E-7,D=1.79414E-8,DError=2.33597E-11,H=1.94641E-14,HError=1.10023E-15,HFixed=1,Band=?,Note=Final
Molecule=DCC81Br,StateName=001_2(0)0(0)_0e,L=0,UseAsLower=0,Energy=1556.097067,EnergyError=3.29699E-5,B=0.12139187,BError=1.81827E-7,D=1.76102E-8,DError=3.46717E-11,H=5.33857E-14,HError=3.82231E-15,HFixed=1,Band=?,Note=Final
Molecule=HCC79Br,StateName=000_0(0)0(0)_0e,L=0,UseAsLower=0,Energy=0,EnergyError=0,B=0.133428248,BError=4.49888E-7,D=2.55135E-8,DError=8.96922E-11,H=7.27744E-16,HError=5.33958E-15,HFixed=1,Band=?
Molecule=HCC79Br,StateName=000_1(1)0(0)_1e,L=1,UseAsLower=0,Energy=617.3005087,EnergyError=2.81061E-5,B=0.133438908,BError=4.50933E-7,D=2.61211E-8,DError=9.00322E-11,H=5.65864E-14,HError=5.36601E-15,HFixed=1,Band=?
Molecule=HCC81Br,StateName=000_0(0)0(0)_0e,L=0,UseAsLower=0,Energy=0,EnergyError=0,B=0.132706403,BError=6.93034E-7,D=2.49476E-8,DError=1.27308E-10,H=-2.67042E-14,HError=7.54157E-15,HFixed=1,Band=?
Molecule=HCC81Br,StateName=000_1(1)0(0)_1e,L=1,UseAsLower=0,Energy=617.2983405,EnergyError=4.46529E-5,B=0.132702076,BError=6.94776E-7,D=2.62334E-8,DError=1.27914E-10,H=1.11829E-13,HError=7.58981E-15,HFixed=1,Band=?
